Time,Amount,anomaly_score
14,135.57848687771923,-1
40,60.169244269371724,-1
224,165.07970252175213,-1
454,30.436615727268872,-1
804,163.48884274253516,-1
954,148.59695457307936,-1
956,28.635894012802353,-1
972,56.51352871826706,-1
980,151.42744719377566,-1
986,62.386164614509774,-1
